,InputCategories,UserDefinedCategories,Type,NumOverlap,Pvalues,CorrectedPvalues
1,black,aNP_BY_qRP_ThanTrong_up__,User,1,0.927112023,1
2,black,aRG_BY_qRG_ThanTrong_up__,User,6,0.337279733,1
3,black,astroBYoFC5__,User,282,1.44E-145,1.45E-142
4,black,AstroByothers_Zhang_Cuffdiff2FCover20__,User,106,2.41E-48,2.43E-45
5,black,endoBYoFC5__,User,16,0.521409651,1
6,black,EndotheByothers_Zhang_Cuffdiff2FCover20__,User,24,0.547904355,1
7,black,MacroByMicro_Zhang_Cuffdiff2FCover20__,User,15,0.016911345,1
8,black,macrophagesBYoFC5__,User,15,0.667757068,1
9,black,MicroByMacro_Zhang_Cuffdiff2FCover20__,User,51,4.17E-11,4.20E-08
10,black,MicroByMono_Zhang_Cuffdiff2FCover20__,User,68,5.34E-20,5.38E-17
11,black,microgliaBYoFC5__,User,16,0.116099463,1
12,black,MicrogliByothers_Zhang_Cuffdiff2FCover20__,User,38,0.9126614,1
13,black,MonoByMicro_Zhang_Cuffdiff2FCover20__,User,27,0.394321678,1
14,black,monocytesBYoFC5__,User,8,0.963137422,1
15,black,myeoligoBYoFC5__,User,6,0.167736191,1
16,black,MyeOligoByothers_Zhang_Cuffdiff2FCover20__,User,17,0.058283147,1
17,black,neuronBYoFC5__,User,19,0.981933763,1
18,black,NeuronByothers_Zhang_Cuffdiff2FCover20__,User,25,0.885080942,1
19,black,newoligoBYoFC5__,User,4,0.776427314,1
20,black,NewOligoByothers_Zhang_Cuffdiff2FCover20__,User,4,0.567173131,1
21,black,npcBYnsc_Walker_FC5___,User,44,0.246575749,1
22,black,nscBYnpc_Walker_FC5___,User,21,0.933094292,1
23,black,PGBCbyQGBC_Aulestia_FC5___,User,68,9.57E-08,9.64E-05
24,black,PGBObyQGBO_GSE114574_Tejero_FC5___,User,130,9.07E-09,9.14E-06
25,black,PNSCbyQNSC_Ben_FC5___,User,49,2.12E-06,0.002138614
26,black,preoligoBYoFC5__,User,2,0.213898679,1
27,black,PreOligoByothers_Zhang_Cuffdiff2FCover20__,User,14,0.000541935,0.546270128
28,black,PSVZbyQSVZ_Morizur_FC5___,User,182,0.818873864,1
29,black,QGBCbyPGBC_Aulestia_FC5___,User,2,0.978336856,1
30,black,QGBObyPGBO_GSE114574_Tejero_FC5___,User,108,0.000975136,0.982936877
31,black,qnpBYtap_Mukherjee_FC5___,User,106,1.50E-05,0.015116329
32,black,QNSCbyPNSC_Ben_FC5___,User,83,4.30E-10,4.34E-07
33,black,qRG_BY_aRG_ThanTrong_up__,User,3,0.717406215,1
34,black,qRP_BY_aNP_ThanTrong_up__,User,45,8.53E-15,8.59E-12
35,black,QSVZbyPSVZ_Morizur_FC5___,User,222,5.82E-59,5.87E-56
36,black,tapBYqnp_Mukherjee_FC5___,User,52,0.008894581,1
37,blue,aNP_BY_qRP_ThanTrong_up__,User,1,0.984706069,1
38,blue,aRG_BY_qRG_ThanTrong_up__,User,11,0.124080232,1
39,blue,astroBYoFC5__,User,43,0.999988706,1
40,blue,AstroByothers_Zhang_Cuffdiff2FCover20__,User,16,0.999240591,1
41,blue,endoBYoFC5__,User,15,0.990066175,1
42,blue,EndotheByothers_Zhang_Cuffdiff2FCover20__,User,26,0.987567857,1
43,blue,MacroByMicro_Zhang_Cuffdiff2FCover20__,User,17,0.141775336,1
44,blue,macrophagesBYoFC5__,User,18,0.960009658,1
45,blue,MicroByMacro_Zhang_Cuffdiff2FCover20__,User,21,0.955442004,1
46,blue,MicroByMono_Zhang_Cuffdiff2FCover20__,User,21,0.973367756,1
47,blue,microgliaBYoFC5__,User,9,0.995032761,1
48,blue,MicrogliByothers_Zhang_Cuffdiff2FCover20__,User,34,0.999999962,1
49,blue,MonoByMicro_Zhang_Cuffdiff2FCover20__,User,41,0.446062185,1
50,blue,monocytesBYoFC5__,User,13,0.982310622,1
51,blue,myeoligoBYoFC5__,User,2,0.983553677,1
52,blue,MyeOligoByothers_Zhang_Cuffdiff2FCover20__,User,6,0.999726174,1
53,blue,neuronBYoFC5__,User,47,0.415557547,1
54,blue,NeuronByothers_Zhang_Cuffdiff2FCover20__,User,75,0.000103456,0.104283875
55,blue,newoligoBYoFC5__,User,3,0.990951835,1
56,blue,NewOligoByothers_Zhang_Cuffdiff2FCover20__,User,3,0.954924415,1
57,blue,npcBYnsc_Walker_FC5___,User,66,0.314500108,1
58,blue,nscBYnpc_Walker_FC5___,User,27,0.998399701,1
59,blue,PGBCbyQGBC_Aulestia_FC5___,User,52,0.663993542,1
60,blue,PGBObyQGBO_GSE114574_Tejero_FC5___,User,89,0.999825813,1
61,blue,PNSCbyQNSC_Ben_FC5___,User,52,0.01251417,1
62,blue,preoligoBYoFC5__,User,2,0.400255875,1
63,blue,PreOligoByothers_Zhang_Cuffdiff2FCover20__,User,9,0.409114819,1
64,blue,PSVZbyQSVZ_Morizur_FC5___,User,221,0.99999999,1
65,blue,QGBCbyPGBC_Aulestia_FC5___,User,10,0.386801773,1
66,blue,QGBObyPGBO_GSE114574_Tejero_FC5___,User,95,0.999221507,1
67,blue,qnpBYtap_Mukherjee_FC5___,User,68,0.99999867,1
68,blue,QNSCbyPNSC_Ben_FC5___,User,53,0.934746646,1
69,blue,qRG_BY_aRG_ThanTrong_up__,User,5,0.693853675,1
70,blue,qRP_BY_aNP_ThanTrong_up__,User,13,0.939099408,1
71,blue,QSVZbyPSVZ_Morizur_FC5___,User,62,0.99999974,1
72,blue,tapBYqnp_Mukherjee_FC5___,User,45,0.975194136,1
73,brown,aNP_BY_qRP_ThanTrong_up__,User,1,0.977732588,1
74,brown,aRG_BY_qRG_ThanTrong_up__,User,1,0.999161152,1
75,brown,astroBYoFC5__,User,42,0.999860735,1
76,brown,AstroByothers_Zhang_Cuffdiff2FCover20__,User,21,0.941889907,1
77,brown,endoBYoFC5__,User,15,0.97108337,1
78,brown,EndotheByothers_Zhang_Cuffdiff2FCover20__,User,31,0.773124027,1
79,brown,MacroByMicro_Zhang_Cuffdiff2FCover20__,User,4,0.997843098,1
80,brown,macrophagesBYoFC5__,User,26,0.318115285,1
81,brown,MicroByMacro_Zhang_Cuffdiff2FCover20__,User,13,0.999041555,1
82,brown,MicroByMono_Zhang_Cuffdiff2FCover20__,User,20,0.9521783,1
83,brown,microgliaBYoFC5__,User,6,0.999347884,1
84,brown,MicrogliByothers_Zhang_Cuffdiff2FCover20__,User,53,0.96713295,1
85,brown,MonoByMicro_Zhang_Cuffdiff2FCover20__,User,18,0.999839259,1
86,brown,monocytesBYoFC5__,User,13,0.955885558,1
87,brown,myeoligoBYoFC5__,User,6,0.446300576,1
88,brown,MyeOligoByothers_Zhang_Cuffdiff2FCover20__,User,26,0.010674194,1
89,brown,neuronBYoFC5__,User,39,0.673317458,1
90,brown,NeuronByothers_Zhang_Cuffdiff2FCover20__,User,36,0.920988605,1
91,brown,newoligoBYoFC5__,User,7,0.635558081,1
92,brown,NewOligoByothers_Zhang_Cuffdiff2FCover20__,User,4,0.831805757,1
93,brown,npcBYnsc_Walker_FC5___,User,36,0.999173908,1
94,brown,nscBYnpc_Walker_FC5___,User,12,0.999999981,1
95,brown,PGBCbyQGBC_Aulestia_FC5___,User,27,0.999919701,1
96,brown,PGBObyQGBO_GSE114574_Tejero_FC5___,User,142,0.00267751,1
97,brown,PNSCbyQNSC_Ben_FC5___,User,16,0.999916677,1
98,brown,preoligoBYoFC5__,User,0,1,1
99,brown,PreOligoByothers_Zhang_Cuffdiff2FCover20__,User,3,0.980300395,1
100,brown,PSVZbyQSVZ_Morizur_FC5___,User,399,1.03E-15,1.04E-12
101,brown,QGBCbyPGBC_Aulestia_FC5___,User,5,0.912153043,1
102,brown,QGBObyPGBO_GSE114574_Tejero_FC5___,User,153,0.000169468,0.170823325
103,brown,qnpBYtap_Mukherjee_FC5___,User,109,0.213042242,1
104,brown,QNSCbyPNSC_Ben_FC5___,User,43,0.987871199,1
105,brown,qRG_BY_aRG_ThanTrong_up__,User,5,0.61384081,1
106,brown,qRP_BY_aNP_ThanTrong_up__,User,21,0.189232399,1
107,brown,QSVZbyPSVZ_Morizur_FC5___,User,82,0.959066935,1
108,brown,tapBYqnp_Mukherjee_FC5___,User,64,0.071064581,1
109,cyan,aNP_BY_qRP_ThanTrong_up__,User,2,0.427250948,1
110,cyan,aRG_BY_qRG_ThanTrong_up__,User,2,0.755486057,1
111,cyan,astroBYoFC5__,User,24,0.749291749,1
112,cyan,AstroByothers_Zhang_Cuffdiff2FCover20__,User,7,0.933080568,1
113,cyan,endoBYoFC5__,User,4,0.980795272,1
114,cyan,EndotheByothers_Zhang_Cuffdiff2FCover20__,User,6,0.994413086,1
115,cyan,MacroByMicro_Zhang_Cuffdiff2FCover20__,User,3,0.84608566,1
116,cyan,macrophagesBYoFC5__,User,3,0.995596939,1
117,cyan,MicroByMacro_Zhang_Cuffdiff2FCover20__,User,20,0.004566489,1
118,cyan,MicroByMono_Zhang_Cuffdiff2FCover20__,User,33,1.99E-08,2.00E-05
119,cyan,microgliaBYoFC5__,User,7,0.482694437,1
120,cyan,MicrogliByothers_Zhang_Cuffdiff2FCover20__,User,16,0.989537832,1
121,cyan,MonoByMicro_Zhang_Cuffdiff2FCover20__,User,8,0.977270874,1
122,cyan,monocytesBYoFC5__,User,4,0.950696502,1
123,cyan,myeoligoBYoFC5__,User,3,0.354915179,1
124,cyan,MyeOligoByothers_Zhang_Cuffdiff2FCover20__,User,9,0.190003056,1
125,cyan,neuronBYoFC5__,User,133,3.62E-83,3.65E-80
126,cyan,NeuronByothers_Zhang_Cuffdiff2FCover20__,User,75,9.74E-27,9.82E-24
127,cyan,newoligoBYoFC5__,User,6,0.078927528,1
128,cyan,NewOligoByothers_Zhang_Cuffdiff2FCover20__,User,2,0.664664691,1
129,cyan,npcBYnsc_Walker_FC5___,User,53,7.14E-09,7.20E-06
130,cyan,nscBYnpc_Walker_FC5___,User,10,0.958039202,1
131,cyan,PGBCbyQGBC_Aulestia_FC5___,User,40,2.12E-05,0.02135507
132,cyan,PGBObyQGBO_GSE114574_Tejero_FC5___,User,49,0.275604591,1
133,cyan,PNSCbyQNSC_Ben_FC5___,User,19,0.096217546,1
134,cyan,preoligoBYoFC5__,User,0,1,1
135,cyan,PreOligoByothers_Zhang_Cuffdiff2FCover20__,User,6,0.070592861,1
136,cyan,PSVZbyQSVZ_Morizur_FC5___,User,76,0.999919005,1
137,cyan,QGBCbyPGBC_Aulestia_FC5___,User,2,0.831992426,1
138,cyan,QGBObyPGBO_GSE114574_Tejero_FC5___,User,61,0.012898403,1
139,cyan,qnpBYtap_Mukherjee_FC5___,User,57,0.004613361,1
140,cyan,QNSCbyPNSC_Ben_FC5___,User,40,0.000550947,0.555354216
141,cyan,qRG_BY_aRG_ThanTrong_up__,User,13,1.33E-07,0.000134099
142,cyan,qRP_BY_aNP_ThanTrong_up__,User,5,0.808525865,1
143,cyan,QSVZbyPSVZ_Morizur_FC5___,User,61,0.00026505,0.267170048
144,cyan,tapBYqnp_Mukherjee_FC5___,User,19,0.710046916,1
145,darkgreen,aNP_BY_qRP_ThanTrong_up__,User,2,0.100002109,1
146,darkgreen,aRG_BY_qRG_ThanTrong_up__,User,2,0.262319046,1
147,darkgreen,astroBYoFC5__,User,7,0.873099918,1
148,darkgreen,AstroByothers_Zhang_Cuffdiff2FCover20__,User,2,0.920280462,1
149,darkgreen,endoBYoFC5__,User,7,0.050575547,1
150,darkgreen,EndotheByothers_Zhang_Cuffdiff2FCover20__,User,8,0.138704921,1
151,darkgreen,MacroByMicro_Zhang_Cuffdiff2FCover20__,User,3,0.24514005,1
152,darkgreen,macrophagesBYoFC5__,User,3,0.668053506,1
153,darkgreen,MicroByMacro_Zhang_Cuffdiff2FCover20__,User,6,0.19134881,1
154,darkgreen,MicroByMono_Zhang_Cuffdiff2FCover20__,User,7,0.111280286,1
155,darkgreen,microgliaBYoFC5__,User,1,0.91306478,1
156,darkgreen,MicrogliByothers_Zhang_Cuffdiff2FCover20__,User,6,0.925466092,1
157,darkgreen,MonoByMicro_Zhang_Cuffdiff2FCover20__,User,10,0.042092441,1
158,darkgreen,monocytesBYoFC5__,User,3,0.540983464,1
159,darkgreen,myeoligoBYoFC5__,User,5,0.001117868,1
160,darkgreen,MyeOligoByothers_Zhang_Cuffdiff2FCover20__,User,7,0.009699184,1
161,darkgreen,neuronBYoFC5__,User,14,0.003228336,1
162,darkgreen,NeuronByothers_Zhang_Cuffdiff2FCover20__,User,16,0.000860282,0.867163922
163,darkgreen,newoligoBYoFC5__,User,6,0.000849015,0.855807568
164,darkgreen,NewOligoByothers_Zhang_Cuffdiff2FCover20__,User,1,0.568415328,1
165,darkgreen,npcBYnsc_Walker_FC5___,User,23,1.07E-05,0.010805731
166,darkgreen,nscBYnpc_Walker_FC5___,User,5,0.700590075,1
167,darkgreen,PGBCbyQGBC_Aulestia_FC5___,User,8,0.444479741,1
168,darkgreen,PGBObyQGBO_GSE114574_Tejero_FC5___,User,11,0.946190119,1
169,darkgreen,PNSCbyQNSC_Ben_FC5___,User,5,0.572820251,1
170,darkgreen,preoligoBYoFC5__,User,2,0.013943552,1
171,darkgreen,PreOligoByothers_Zhang_Cuffdiff2FCover20__,User,1,0.659661527,1
172,darkgreen,PSVZbyQSVZ_Morizur_FC5___,User,24,0.999075753,1
173,darkgreen,QGBCbyPGBC_Aulestia_FC5___,User,1,0.694515196,1
174,darkgreen,QGBObyPGBO_GSE114574_Tejero_FC5___,User,15,0.71732327,1
175,darkgreen,qnpBYtap_Mukherjee_FC5___,User,18,0.225447651,1
176,darkgreen,QNSCbyPNSC_Ben_FC5___,User,8,0.619420066,1
177,darkgreen,qRG_BY_aRG_ThanTrong_up__,User,2,0.17995834,1
178,darkgreen,qRP_BY_aNP_ThanTrong_up__,User,3,0.455563226,1
179,darkgreen,QSVZbyPSVZ_Morizur_FC5___,User,33,5.85E-06,0.00589454
180,darkgreen,tapBYqnp_Mukherjee_FC5___,User,14,0.025235483,1
181,darkgrey,aNP_BY_qRP_ThanTrong_up__,User,2,0.084781599,1
182,darkgrey,aRG_BY_qRG_ThanTrong_up__,User,2,0.22806749,1
183,darkgrey,astroBYoFC5__,User,19,0.001880626,1
184,darkgrey,AstroByothers_Zhang_Cuffdiff2FCover20__,User,7,0.083079094,1
185,darkgrey,endoBYoFC5__,User,25,5.38E-16,5.43E-13
186,darkgrey,EndotheByothers_Zhang_Cuffdiff2FCover20__,User,26,1.16E-12,1.17E-09
187,darkgrey,MacroByMicro_Zhang_Cuffdiff2FCover20__,User,13,5.94E-09,5.99E-06
188,darkgrey,macrophagesBYoFC5__,User,16,1.05E-07,0.000106324
189,darkgrey,MicroByMacro_Zhang_Cuffdiff2FCover20__,User,13,5.60E-05,0.056431499
190,darkgrey,MicroByMono_Zhang_Cuffdiff2FCover20__,User,8,0.031352964,1
191,darkgrey,microgliaBYoFC5__,User,6,0.023272559,1
192,darkgrey,MicrogliByothers_Zhang_Cuffdiff2FCover20__,User,16,0.015726521,1
193,darkgrey,MonoByMicro_Zhang_Cuffdiff2FCover20__,User,20,9.40E-08,9.48E-05
194,darkgrey,monocytesBYoFC5__,User,6,0.045078286,1
195,darkgrey,myeoligoBYoFC5__,User,0,1,1
196,darkgrey,MyeOligoByothers_Zhang_Cuffdiff2FCover20__,User,3,0.359945087,1
197,darkgrey,neuronBYoFC5__,User,4,0.801032885,1
198,darkgrey,NeuronByothers_Zhang_Cuffdiff2FCover20__,User,7,0.372283118,1
199,darkgrey,newoligoBYoFC5__,User,0,1,1
200,darkgrey,NewOligoByothers_Zhang_Cuffdiff2FCover20__,User,0,1,1
201,darkgrey,npcBYnsc_Walker_FC5___,User,24,5.83E-07,0.000587844
202,darkgrey,nscBYnpc_Walker_FC5___,User,10,0.041974778,1
203,darkgrey,PGBCbyQGBC_Aulestia_FC5___,User,29,2.55E-11,2.57E-08
204,darkgrey,PGBObyQGBO_GSE114574_Tejero_FC5___,User,16,0.431621696,1
205,darkgrey,PNSCbyQNSC_Ben_FC5___,User,6,0.311171267,1
206,darkgrey,preoligoBYoFC5__,User,0,1,1
207,darkgrey,PreOligoByothers_Zhang_Cuffdiff2FCover20__,User,1,0.623545995,1
208,darkgrey,PSVZbyQSVZ_Morizur_FC5___,User,32,0.826302818,1
209,darkgrey,QGBCbyPGBC_Aulestia_FC5___,User,1,0.658664736,1
210,darkgrey,QGBObyPGBO_GSE114574_Tejero_FC5___,User,31,0.000137422,0.138521281
211,darkgrey,qnpBYtap_Mukherjee_FC5___,User,51,6.88E-17,6.94E-14
212,darkgrey,QNSCbyPNSC_Ben_FC5___,User,28,4.11E-09,4.14E-06
213,darkgrey,qRG_BY_aRG_ThanTrong_up__,User,2,0.154592795,1
214,darkgrey,qRP_BY_aNP_ThanTrong_up__,User,4,0.191150007,1
215,darkgrey,QSVZbyPSVZ_Morizur_FC5___,User,16,0.2205403,1
216,darkgrey,tapBYqnp_Mukherjee_FC5___,User,6,0.711363955,1
217,darkorange,aNP_BY_qRP_ThanTrong_up__,User,0,1,1
218,darkorange,aRG_BY_qRG_ThanTrong_up__,User,1,0.555442422,1
219,darkorange,astroBYoFC5__,User,5,0.909036013,1
220,darkorange,AstroByothers_Zhang_Cuffdiff2FCover20__,User,4,0.430187732,1
221,darkorange,endoBYoFC5__,User,9,0.001624489,1
222,darkorange,EndotheByothers_Zhang_Cuffdiff2FCover20__,User,10,0.008699,1
223,darkorange,MacroByMicro_Zhang_Cuffdiff2FCover20__,User,1,0.75260129,1
224,darkorange,macrophagesBYoFC5__,User,3,0.525880698,1
225,darkorange,MicroByMacro_Zhang_Cuffdiff2FCover20__,User,1,0.957801253,1
226,darkorange,MicroByMono_Zhang_Cuffdiff2FCover20__,User,2,0.840684985,1
227,darkorange,microgliaBYoFC5__,User,0,1,1
228,darkorange,MicrogliByothers_Zhang_Cuffdiff2FCover20__,User,13,0.05228923,1
229,darkorange,MonoByMicro_Zhang_Cuffdiff2FCover20__,User,8,0.068384763,1
230,darkorange,monocytesBYoFC5__,User,12,3.69E-06,0.003717957
231,darkorange,myeoligoBYoFC5__,User,0,1,1
232,darkorange,MyeOligoByothers_Zhang_Cuffdiff2FCover20__,User,0,1,1
233,darkorange,neuronBYoFC5__,User,1,0.993101896,1
234,darkorange,NeuronByothers_Zhang_Cuffdiff2FCover20__,User,1,0.995173175,1
235,darkorange,newoligoBYoFC5__,User,0,1,1
236,darkorange,NewOligoByothers_Zhang_Cuffdiff2FCover20__,User,0,1,1
237,darkorange,npcBYnsc_Walker_FC5___,User,1,0.998939708,1
238,darkorange,nscBYnpc_Walker_FC5___,User,18,1.49E-06,0.001498457
239,darkorange,PGBCbyQGBC_Aulestia_FC5___,User,10,0.073220394,1
240,darkorange,PGBObyQGBO_GSE114574_Tejero_FC5___,User,10,0.868357462,1
241,darkorange,PNSCbyQNSC_Ben_FC5___,User,6,0.228053292,1
242,darkorange,preoligoBYoFC5__,User,0,1,1
243,darkorange,PreOligoByothers_Zhang_Cuffdiff2FCover20__,User,0,1,1
244,darkorange,PSVZbyQSVZ_Morizur_FC5___,User,18,0.999148506,1
245,darkorange,QGBCbyPGBC_Aulestia_FC5___,User,5,0.002722298,1
246,darkorange,QGBObyPGBO_GSE114574_Tejero_FC5___,User,6,0.994469718,1
247,darkorange,qnpBYtap_Mukherjee_FC5___,User,11,0.656074697,1
248,darkorange,QNSCbyPNSC_Ben_FC5___,User,8,0.383905734,1
249,darkorange,qRG_BY_aRG_ThanTrong_up__,User,0,1,1
250,darkorange,qRP_BY_aNP_ThanTrong_up__,User,8,0.001000989,1
251,darkorange,QSVZbyPSVZ_Morizur_FC5___,User,6,0.976026261,1
252,darkorange,tapBYqnp_Mukherjee_FC5___,User,8,0.295729958,1
253,darkred,aNP_BY_qRP_ThanTrong_up__,User,0,1,1
254,darkred,aRG_BY_qRG_ThanTrong_up__,User,0,1,1
255,darkred,astroBYoFC5__,User,1,0.999988983,1
256,darkred,AstroByothers_Zhang_Cuffdiff2FCover20__,User,2,0.946705903,1
257,darkred,endoBYoFC5__,User,0,1,1
258,darkred,EndotheByothers_Zhang_Cuffdiff2FCover20__,User,0,1,1
259,darkred,MacroByMicro_Zhang_Cuffdiff2FCover20__,User,2,0.572237474,1
260,darkred,macrophagesBYoFC5__,User,0,1,1
261,darkred,MicroByMacro_Zhang_Cuffdiff2FCover20__,User,1,0.987418383,1
262,darkred,MicroByMono_Zhang_Cuffdiff2FCover20__,User,0,1,1
263,darkred,microgliaBYoFC5__,User,1,0.934853295,1
264,darkred,MicrogliByothers_Zhang_Cuffdiff2FCover20__,User,3,0.99885073,1
265,darkred,MonoByMicro_Zhang_Cuffdiff2FCover20__,User,3,0.938380325,1
266,darkred,monocytesBYoFC5__,User,1,0.95944752,1
267,darkred,myeoligoBYoFC5__,User,0,1,1
268,darkred,MyeOligoByothers_Zhang_Cuffdiff2FCover20__,User,0,1,1
269,darkred,neuronBYoFC5__,User,2,0.991758946,1
270,darkred,NeuronByothers_Zhang_Cuffdiff2FCover20__,User,2,0.994649182,1
271,darkred,newoligoBYoFC5__,User,1,0.711009161,1
272,darkred,NewOligoByothers_Zhang_Cuffdiff2FCover20__,User,1,0.609194674,1
273,darkred,npcBYnsc_Walker_FC5___,User,4,0.98400601,1
274,darkred,nscBYnpc_Walker_FC5___,User,2,0.990112389,1
275,darkred,PGBCbyQGBC_Aulestia_FC5___,User,1,0.999754682,1
276,darkred,PGBObyQGBO_GSE114574_Tejero_FC5___,User,7,0.999479286,1
277,darkred,PNSCbyQNSC_Ben_FC5___,User,3,0.923989832,1
278,darkred,preoligoBYoFC5__,User,0,1,1
279,darkred,PreOligoByothers_Zhang_Cuffdiff2FCover20__,User,1,0.700345493,1
280,darkred,PSVZbyQSVZ_Morizur_FC5___,User,7,1,1
281,darkred,QGBCbyPGBC_Aulestia_FC5___,User,1,0.734443471,1
282,darkred,QGBObyPGBO_GSE114574_Tejero_FC5___,User,4,0.999995112,1
283,darkred,qnpBYtap_Mukherjee_FC5___,User,3,0.999993576,1
284,darkred,QNSCbyPNSC_Ben_FC5___,User,3,0.996407519,1
285,darkred,qRG_BY_aRG_ThanTrong_up__,User,0,1,1
286,darkred,qRP_BY_aNP_ThanTrong_up__,User,0,1,1
287,darkred,QSVZbyPSVZ_Morizur_FC5___,User,4,0.999930455,1
288,darkred,tapBYqnp_Mukherjee_FC5___,User,1,0.999861357,1
289,darkturquoise,aNP_BY_qRP_ThanTrong_up__,User,0,1,1
290,darkturquoise,aRG_BY_qRG_ThanTrong_up__,User,0,1,1
291,darkturquoise,astroBYoFC5__,User,0,1,1
292,darkturquoise,AstroByothers_Zhang_Cuffdiff2FCover20__,User,0,1,1
293,darkturquoise,endoBYoFC5__,User,0,1,1
294,darkturquoise,EndotheByothers_Zhang_Cuffdiff2FCover20__,User,2,0.951003111,1
295,darkturquoise,MacroByMicro_Zhang_Cuffdiff2FCover20__,User,0,1,1
296,darkturquoise,macrophagesBYoFC5__,User,0,1,1
297,darkturquoise,MicroByMacro_Zhang_Cuffdiff2FCover20__,User,8,0.028150713,1
298,darkturquoise,MicroByMono_Zhang_Cuffdiff2FCover20__,User,1,0.977375694,1
299,darkturquoise,microgliaBYoFC5__,User,1,0.896034358,1
300,darkturquoise,MicrogliByothers_Zhang_Cuffdiff2FCover20__,User,0,1,1
301,darkturquoise,MonoByMicro_Zhang_Cuffdiff2FCover20__,User,2,0.959298822,1
302,darkturquoise,monocytesBYoFC5__,User,0,1,1
303,darkturquoise,myeoligoBYoFC5__,User,0,1,1
304,darkturquoise,MyeOligoByothers_Zhang_Cuffdiff2FCover20__,User,0,1,1
305,darkturquoise,neuronBYoFC5__,User,1,0.996659902,1
306,darkturquoise,NeuronByothers_Zhang_Cuffdiff2FCover20__,User,2,0.983970662,1
307,darkturquoise,newoligoBYoFC5__,User,0,1,1
308,darkturquoise,NewOligoByothers_Zhang_Cuffdiff2FCover20__,User,0,1,1
309,darkturquoise,npcBYnsc_Walker_FC5___,User,0,1,1
310,darkturquoise,nscBYnpc_Walker_FC5___,User,0,1,1
311,darkturquoise,PGBCbyQGBC_Aulestia_FC5___,User,4,0.908901981,1
312,darkturquoise,PGBObyQGBO_GSE114574_Tejero_FC5___,User,3,0.999981717,1
313,darkturquoise,PNSCbyQNSC_Ben_FC5___,User,0,1,1
314,darkturquoise,preoligoBYoFC5__,User,0,1,1
315,darkturquoise,PreOligoByothers_Zhang_Cuffdiff2FCover20__,User,0,1,1
316,darkturquoise,PSVZbyQSVZ_Morizur_FC5___,User,7,1,1
317,darkturquoise,QGBCbyPGBC_Aulestia_FC5___,User,2,0.297889548,1
318,darkturquoise,QGBObyPGBO_GSE114574_Tejero_FC5___,User,3,0.999986209,1
319,darkturquoise,qnpBYtap_Mukherjee_FC5___,User,1,0.999999316,1
320,darkturquoise,QNSCbyPNSC_Ben_FC5___,User,0,1,1
321,darkturquoise,qRG_BY_aRG_ThanTrong_up__,User,0,1,1
322,darkturquoise,qRP_BY_aNP_ThanTrong_up__,User,0,1,1
323,darkturquoise,QSVZbyPSVZ_Morizur_FC5___,User,0,1,1
324,darkturquoise,tapBYqnp_Mukherjee_FC5___,User,2,0.994595729,1
325,green,aNP_BY_qRP_ThanTrong_up__,User,3,0.698356667,1
326,green,aRG_BY_qRG_ThanTrong_up__,User,5,0.797799527,1
327,green,astroBYoFC5__,User,68,0.414733514,1
328,green,AstroByothers_Zhang_Cuffdiff2FCover20__,User,36,0.056554417,1
329,green,endoBYoFC5__,User,14,0.97757647,1
330,green,EndotheByothers_Zhang_Cuffdiff2FCover20__,User,38,0.241946489,1
331,green,MacroByMicro_Zhang_Cuffdiff2FCover20__,User,20,0.009582242,1
332,green,macrophagesBYoFC5__,User,38,0.001272795,1
333,green,MicroByMacro_Zhang_Cuffdiff2FCover20__,User,22,0.799970536,1
334,green,MicroByMono_Zhang_Cuffdiff2FCover20__,User,20,0.93367453,1
335,green,microgliaBYoFC5__,User,11,0.931924556,1
336,green,MicrogliByothers_Zhang_Cuffdiff2FCover20__,User,90,0.000734147,0.740020479
337,green,MonoByMicro_Zhang_Cuffdiff2FCover20__,User,70,2.84E-08,2.86E-05
338,green,monocytesBYoFC5__,User,54,1.41E-12,1.42E-09
339,green,myeoligoBYoFC5__,User,3,0.898608483,1
340,green,MyeOligoByothers_Zhang_Cuffdiff2FCover20__,User,16,0.496341335,1
341,green,neuronBYoFC5__,User,14,0.999999755,1
342,green,NeuronByothers_Zhang_Cuffdiff2FCover20__,User,23,0.999808608,1
343,green,newoligoBYoFC5__,User,11,0.11322077,1
344,green,NewOligoByothers_Zhang_Cuffdiff2FCover20__,User,3,0.921649541,1
345,green,npcBYnsc_Walker_FC5___,User,43,0.965079059,1
346,green,nscBYnpc_Walker_FC5___,User,48,0.076321696,1
347,green,PGBCbyQGBC_Aulestia_FC5___,User,53,0.258810385,1
348,green,PGBObyQGBO_GSE114574_Tejero_FC5___,User,103,0.767250971,1
349,green,PNSCbyQNSC_Ben_FC5___,User,23,0.981699218,1
350,green,preoligoBYoFC5__,User,2,0.34219874,1
351,green,PreOligoByothers_Zhang_Cuffdiff2FCover20__,User,8,0.415752198,1
352,green,PSVZbyQSVZ_Morizur_FC5___,User,243,0.964232627,1
353,green,QGBCbyPGBC_Aulestia_FC5___,User,18,0.000714932,0.720650995
354,green,QGBObyPGBO_GSE114574_Tejero_FC5___,User,115,0.387474872,1
355,green,qnpBYtap_Mukherjee_FC5___,User,105,0.23793318,1
356,green,QNSCbyPNSC_Ben_FC5___,User,66,0.102177583,1
357,green,qRG_BY_aRG_ThanTrong_up__,User,7,0.248433464,1
358,green,qRP_BY_aNP_ThanTrong_up__,User,9,0.986614509,1
359,green,QSVZbyPSVZ_Morizur_FC5___,User,75,0.987294891,1
360,green,tapBYqnp_Mukherjee_FC5___,User,52,0.496419671,1
361,greenyellow,aNP_BY_qRP_ThanTrong_up__,User,2,0.569955002,1
362,greenyellow,aRG_BY_qRG_ThanTrong_up__,User,7,0.063039916,1
363,greenyellow,astroBYoFC5__,User,27,0.9419937,1
364,greenyellow,AstroByothers_Zhang_Cuffdiff2FCover20__,User,5,0.999094898,1
365,greenyellow,endoBYoFC5__,User,2,0.999925189,1
366,greenyellow,EndotheByothers_Zhang_Cuffdiff2FCover20__,User,6,0.999758027,1
367,greenyellow,MacroByMicro_Zhang_Cuffdiff2FCover20__,User,2,0.985132019,1
368,greenyellow,macrophagesBYoFC5__,User,7,0.96104289,1
369,greenyellow,MicroByMacro_Zhang_Cuffdiff2FCover20__,User,11,0.809366041,1
370,greenyellow,MicroByMono_Zhang_Cuffdiff2FCover20__,User,4,0.999708052,1
371,greenyellow,microgliaBYoFC5__,User,1,0.999845369,1
372,greenyellow,MicrogliByothers_Zhang_Cuffdiff2FCover20__,User,7,0.999999999,1
373,greenyellow,MonoByMicro_Zhang_Cuffdiff2FCover20__,User,15,0.849309715,1
374,greenyellow,monocytesBYoFC5__,User,3,0.997738501,1
375,greenyellow,myeoligoBYoFC5__,User,1,0.940668818,1
376,greenyellow,MyeOligoByothers_Zhang_Cuffdiff2FCover20__,User,10,0.32384562,1
377,greenyellow,neuronBYoFC5__,User,13,0.982598295,1
378,greenyellow,NeuronByothers_Zhang_Cuffdiff2FCover20__,User,18,0.882137004,1
379,greenyellow,newoligoBYoFC5__,User,2,0.905920613,1
380,greenyellow,NewOligoByothers_Zhang_Cuffdiff2FCover20__,User,6,0.075317034,1
381,greenyellow,npcBYnsc_Walker_FC5___,User,27,0.699274892,1
382,greenyellow,nscBYnpc_Walker_FC5___,User,11,0.994119918,1
383,greenyellow,PGBCbyQGBC_Aulestia_FC5___,User,26,0.513098961,1
384,greenyellow,PGBObyQGBO_GSE114574_Tejero_FC5___,User,53,0.797837911,1
385,greenyellow,PNSCbyQNSC_Ben_FC5___,User,15,0.794670952,1
386,greenyellow,preoligoBYoFC5__,User,1,0.481582401,1
387,greenyellow,PreOligoByothers_Zhang_Cuffdiff2FCover20__,User,4,0.527839851,1
388,greenyellow,PSVZbyQSVZ_Morizur_FC5___,User,113,0.998402371,1
389,greenyellow,QGBCbyPGBC_Aulestia_FC5___,User,1,0.985874409,1
390,greenyellow,QGBObyPGBO_GSE114574_Tejero_FC5___,User,46,0.977324957,1
391,greenyellow,qnpBYtap_Mukherjee_FC5___,User,27,0.999978687,1
392,greenyellow,QNSCbyPNSC_Ben_FC5___,User,12,0.9999633,1
393,greenyellow,qRG_BY_aRG_ThanTrong_up__,User,0,1,1
394,greenyellow,qRP_BY_aNP_ThanTrong_up__,User,7,0.783880193,1
395,greenyellow,QSVZbyPSVZ_Morizur_FC5___,User,39,0.964347427,1
396,greenyellow,tapBYqnp_Mukherjee_FC5___,User,24,0.785012662,1
397,grey60,aNP_BY_qRP_ThanTrong_up__,User,0,1,1
398,grey60,aRG_BY_qRG_ThanTrong_up__,User,0,1,1
399,grey60,astroBYoFC5__,User,0,1,1
400,grey60,AstroByothers_Zhang_Cuffdiff2FCover20__,User,0,1,1
401,grey60,endoBYoFC5__,User,0,1,1
402,grey60,EndotheByothers_Zhang_Cuffdiff2FCover20__,User,1,0.999680757,1
403,grey60,MacroByMicro_Zhang_Cuffdiff2FCover20__,User,0,1,1
404,grey60,macrophagesBYoFC5__,User,1,0.995502655,1
405,grey60,MicroByMacro_Zhang_Cuffdiff2FCover20__,User,2,0.98387926,1
406,grey60,MicroByMono_Zhang_Cuffdiff2FCover20__,User,0,1,1
407,grey60,microgliaBYoFC5__,User,1,0.977826544,1
408,grey60,MicrogliByothers_Zhang_Cuffdiff2FCover20__,User,1,0.999999815,1
409,grey60,MonoByMicro_Zhang_Cuffdiff2FCover20__,User,2,0.997899287,1
410,grey60,monocytesBYoFC5__,User,1,0.988552454,1
411,grey60,myeoligoBYoFC5__,User,0,1,1
412,grey60,MyeOligoByothers_Zhang_Cuffdiff2FCover20__,User,0,1,1
413,grey60,neuronBYoFC5__,User,0,1,1
414,grey60,NeuronByothers_Zhang_Cuffdiff2FCover20__,User,0,1,1
415,grey60,newoligoBYoFC5__,User,0,1,1
416,grey60,NewOligoByothers_Zhang_Cuffdiff2FCover20__,User,0,1,1
417,grey60,npcBYnsc_Walker_FC5___,User,2,0.999973192,1
418,grey60,nscBYnpc_Walker_FC5___,User,2,0.999042043,1
419,grey60,PGBCbyQGBC_Aulestia_FC5___,User,6,0.971844296,1
420,grey60,PGBObyQGBO_GSE114574_Tejero_FC5___,User,6,0.999999627,1
421,grey60,PNSCbyQNSC_Ben_FC5___,User,2,0.996970838,1
422,grey60,preoligoBYoFC5__,User,0,1,1
423,grey60,PreOligoByothers_Zhang_Cuffdiff2FCover20__,User,0,1,1
424,grey60,PSVZbyQSVZ_Morizur_FC5___,User,7,1,1
425,grey60,QGBCbyPGBC_Aulestia_FC5___,User,1,0.842629251,1
426,grey60,QGBObyPGBO_GSE114574_Tejero_FC5___,User,6,0.99999976,1
427,grey60,qnpBYtap_Mukherjee_FC5___,User,1,1,1
428,grey60,QNSCbyPNSC_Ben_FC5___,User,0,1,1
429,grey60,qRG_BY_aRG_ThanTrong_up__,User,0,1,1
430,grey60,qRP_BY_aNP_ThanTrong_up__,User,0,1,1
431,grey60,QSVZbyPSVZ_Morizur_FC5___,User,1,1,1
432,grey60,tapBYqnp_Mukherjee_FC5___,User,1,0.999995838,1
433,lightcyan,aNP_BY_qRP_ThanTrong_up__,User,1,0.604527815,1
434,lightcyan,aRG_BY_qRG_ThanTrong_up__,User,1,0.822201035,1
435,lightcyan,astroBYoFC5__,User,20,0.265208186,1
436,lightcyan,AstroByothers_Zhang_Cuffdiff2FCover20__,User,10,0.174997334,1
437,lightcyan,endoBYoFC5__,User,0,1,1
438,lightcyan,EndotheByothers_Zhang_Cuffdiff2FCover20__,User,7,0.772072901,1
439,lightcyan,MacroByMicro_Zhang_Cuffdiff2FCover20__,User,0,1,1
440,lightcyan,macrophagesBYoFC5__,User,0,1,1
441,lightcyan,MicroByMacro_Zhang_Cuffdiff2FCover20__,User,7,0.49535007,1
442,lightcyan,MicroByMono_Zhang_Cuffdiff2FCover20__,User,9,0.258430564,1
443,lightcyan,microgliaBYoFC5__,User,2,0.921706774,1
444,lightcyan,MicrogliByothers_Zhang_Cuffdiff2FCover20__,User,11,0.946920969,1
445,lightcyan,MonoByMicro_Zhang_Cuffdiff2FCover20__,User,8,0.695569015,1
446,lightcyan,monocytesBYoFC5__,User,1,0.992845177,1
447,lightcyan,myeoligoBYoFC5__,User,0,1,1
448,lightcyan,MyeOligoByothers_Zhang_Cuffdiff2FCover20__,User,4,0.577094963,1
449,lightcyan,neuronBYoFC5__,User,9,0.713136026,1
450,lightcyan,NeuronByothers_Zhang_Cuffdiff2FCover20__,User,32,1.01E-07,0.000101713
451,lightcyan,newoligoBYoFC5__,User,1,0.852397326,1
452,lightcyan,NewOligoByothers_Zhang_Cuffdiff2FCover20__,User,2,0.420879106,1
453,lightcyan,npcBYnsc_Walker_FC5___,User,16,0.349702676,1
454,lightcyan,nscBYnpc_Walker_FC5___,User,2,0.999605176,1
455,lightcyan,PGBCbyQGBC_Aulestia_FC5___,User,7,0.968548875,1
456,lightcyan,PGBObyQGBO_GSE114574_Tejero_FC5___,User,36,0.084938025,1
457,lightcyan,PNSCbyQNSC_Ben_FC5___,User,8,0.642163357,1
458,lightcyan,preoligoBYoFC5__,User,1,0.270343758,1
459,lightcyan,PreOligoByothers_Zhang_Cuffdiff2FCover20__,User,2,0.55066791,1
460,lightcyan,PSVZbyQSVZ_Morizur_FC5___,User,68,0.596621886,1
461,lightcyan,QGBCbyPGBC_Aulestia_FC5___,User,0,1,1
462,lightcyan,QGBObyPGBO_GSE114574_Tejero_FC5___,User,26,0.743304387,1
463,lightcyan,qnpBYtap_Mukherjee_FC5___,User,17,0.972291711,1
464,lightcyan,QNSCbyPNSC_Ben_FC5___,User,16,0.389702958,1
465,lightcyan,qRG_BY_aRG_ThanTrong_up__,User,1,0.737235122,1
466,lightcyan,qRP_BY_aNP_ThanTrong_up__,User,2,0.929581598,1
467,lightcyan,QSVZbyPSVZ_Morizur_FC5___,User,35,0.020820756,1
468,lightcyan,tapBYqnp_Mukherjee_FC5___,User,20,0.048506651,1
469,lightgreen,aNP_BY_qRP_ThanTrong_up__,User,1,0.496084226,1
470,lightgreen,aRG_BY_qRG_ThanTrong_up__,User,4,0.038194315,1
471,lightgreen,astroBYoFC5__,User,18,0.085365341,1
472,lightgreen,AstroByothers_Zhang_Cuffdiff2FCover20__,User,7,0.273301175,1
473,lightgreen,endoBYoFC5__,User,85,8.18E-88,8.24E-85
474,lightgreen,EndotheByothers_Zhang_Cuffdiff2FCover20__,User,94,3.76E-83,3.79E-80
475,lightgreen,MacroByMicro_Zhang_Cuffdiff2FCover20__,User,2,0.64249186,1
476,lightgreen,macrophagesBYoFC5__,User,7,0.147636736,1
477,lightgreen,MicroByMacro_Zhang_Cuffdiff2FCover20__,User,24,1.92E-10,1.93E-07
478,lightgreen,MicroByMono_Zhang_Cuffdiff2FCover20__,User,9,0.073650309,1
479,lightgreen,microgliaBYoFC5__,User,4,0.369374195,1
480,lightgreen,MicrogliByothers_Zhang_Cuffdiff2FCover20__,User,17,0.113678857,1
481,lightgreen,MonoByMicro_Zhang_Cuffdiff2FCover20__,User,12,0.040290071,1
482,lightgreen,monocytesBYoFC5__,User,4,0.487180766,1
483,lightgreen,myeoligoBYoFC5__,User,0,1,1
484,lightgreen,MyeOligoByothers_Zhang_Cuffdiff2FCover20__,User,1,0.951528346,1
485,lightgreen,neuronBYoFC5__,User,3,0.983852933,1
486,lightgreen,NeuronByothers_Zhang_Cuffdiff2FCover20__,User,4,0.966232674,1
487,lightgreen,newoligoBYoFC5__,User,3,0.165336726,1
488,lightgreen,NewOligoByothers_Zhang_Cuffdiff2FCover20__,User,0,1,1
489,lightgreen,npcBYnsc_Walker_FC5___,User,23,0.000412371,0.415670099
490,lightgreen,nscBYnpc_Walker_FC5___,User,22,6.90E-06,0.00695639
491,lightgreen,PGBCbyQGBC_Aulestia_FC5___,User,19,0.002630787,1
492,lightgreen,PGBObyQGBO_GSE114574_Tejero_FC5___,User,25,0.211082126,1
493,lightgreen,PNSCbyQNSC_Ben_FC5___,User,10,0.113181381,1
494,lightgreen,preoligoBYoFC5__,User,0,1,1
495,lightgreen,PreOligoByothers_Zhang_Cuffdiff2FCover20__,User,0,1,1
496,lightgreen,PSVZbyQSVZ_Morizur_FC5___,User,45,0.857011585,1
497,lightgreen,QGBCbyPGBC_Aulestia_FC5___,User,1,0.779032792,1
498,lightgreen,QGBObyPGBO_GSE114574_Tejero_FC5___,User,21,0.571182692,1
499,lightgreen,qnpBYtap_Mukherjee_FC5___,User,24,0.130470133,1
500,lightgreen,QNSCbyPNSC_Ben_FC5___,User,29,1.59E-06,0.001607685
501,lightgreen,qRG_BY_aRG_ThanTrong_up__,User,1,0.627445888,1
502,lightgreen,qRP_BY_aNP_ThanTrong_up__,User,3,0.616430329,1
503,lightgreen,QSVZbyPSVZ_Morizur_FC5___,User,24,0.096331861,1
504,lightgreen,tapBYqnp_Mukherjee_FC5___,User,4,0.990003534,1
505,lightyellow,aNP_BY_qRP_ThanTrong_up__,User,0,1,1
506,lightyellow,aRG_BY_qRG_ThanTrong_up__,User,0,1,1
507,lightyellow,astroBYoFC5__,User,3,0.999587172,1
508,lightyellow,AstroByothers_Zhang_Cuffdiff2FCover20__,User,1,0.993633484,1
509,lightyellow,endoBYoFC5__,User,0,1,1
510,lightyellow,EndotheByothers_Zhang_Cuffdiff2FCover20__,User,4,0.864441803,1
511,lightyellow,MacroByMicro_Zhang_Cuffdiff2FCover20__,User,2,0.614067499,1
512,lightyellow,macrophagesBYoFC5__,User,2,0.920263457,1
513,lightyellow,MicroByMacro_Zhang_Cuffdiff2FCover20__,User,0,1,1
514,lightyellow,MicroByMono_Zhang_Cuffdiff2FCover20__,User,0,1,1
515,lightyellow,microgliaBYoFC5__,User,0,1,1
516,lightyellow,MicrogliByothers_Zhang_Cuffdiff2FCover20__,User,2,0.999918668,1
517,lightyellow,MonoByMicro_Zhang_Cuffdiff2FCover20__,User,4,0.886351999,1
518,lightyellow,monocytesBYoFC5__,User,0,1,1
519,lightyellow,myeoligoBYoFC5__,User,1,0.613167372,1
520,lightyellow,MyeOligoByothers_Zhang_Cuffdiff2FCover20__,User,0,1,1
521,lightyellow,neuronBYoFC5__,User,1,0.999407461,1
522,lightyellow,NeuronByothers_Zhang_Cuffdiff2FCover20__,User,0,1,1
523,lightyellow,newoligoBYoFC5__,User,0,1,1
524,lightyellow,NewOligoByothers_Zhang_Cuffdiff2FCover20__,User,0,1,1
525,lightyellow,npcBYnsc_Walker_FC5___,User,9,0.671259466,1
526,lightyellow,nscBYnpc_Walker_FC5___,User,1,0.999256973,1
527,lightyellow,PGBCbyQGBC_Aulestia_FC5___,User,5,0.941310466,1
528,lightyellow,PGBObyQGBO_GSE114574_Tejero_FC5___,User,9,0.99843281,1
529,lightyellow,PNSCbyQNSC_Ben_FC5___,User,2,0.985278215,1
530,lightyellow,preoligoBYoFC5__,User,0,1,1
531,lightyellow,PreOligoByothers_Zhang_Cuffdiff2FCover20__,User,0,1,1
532,lightyellow,PSVZbyQSVZ_Morizur_FC5___,User,22,0.999998833,1
533,lightyellow,QGBCbyPGBC_Aulestia_FC5___,User,1,0.761242862,1
534,lightyellow,QGBObyPGBO_GSE114574_Tejero_FC5___,User,6,0.999966566,1
535,lightyellow,qnpBYtap_Mukherjee_FC5___,User,9,0.993718812,1
536,lightyellow,QNSCbyPNSC_Ben_FC5___,User,1,0.999972738,1
537,lightyellow,qRG_BY_aRG_ThanTrong_up__,User,0,1,1
538,lightyellow,qRP_BY_aNP_ThanTrong_up__,User,0,1,1
539,lightyellow,QSVZbyPSVZ_Morizur_FC5___,User,1,0.999999981,1
540,lightyellow,tapBYqnp_Mukherjee_FC5___,User,5,0.959864974,1
541,magenta,aNP_BY_qRP_ThanTrong_up__,User,1,0.915463488,1
542,magenta,aRG_BY_qRG_ThanTrong_up__,User,4,0.660827516,1
543,magenta,astroBYoFC5__,User,17,0.999999719,1
544,magenta,AstroByothers_Zhang_Cuffdiff2FCover20__,User,13,0.934372532,1
545,magenta,endoBYoFC5__,User,8,0.984263404,1
546,magenta,EndotheByothers_Zhang_Cuffdiff2FCover20__,User,23,0.519946386,1
547,magenta,MacroByMicro_Zhang_Cuffdiff2FCover20__,User,3,0.984758138,1
548,magenta,macrophagesBYoFC5__,User,6,0.99834326,1
549,magenta,MicroByMacro_Zhang_Cuffdiff2FCover20__,User,14,0.831884461,1
550,magenta,MicroByMono_Zhang_Cuffdiff2FCover20__,User,14,0.873364968,1
551,magenta,microgliaBYoFC5__,User,6,0.963813802,1
552,magenta,MicrogliByothers_Zhang_Cuffdiff2FCover20__,User,37,0.872118685,1
553,magenta,MonoByMicro_Zhang_Cuffdiff2FCover20__,User,24,0.524575943,1
554,magenta,monocytesBYoFC5__,User,14,0.399973154,1
555,magenta,myeoligoBYoFC5__,User,0,1,1
556,magenta,MyeOligoByothers_Zhang_Cuffdiff2FCover20__,User,19,0.010255844,1
557,magenta,neuronBYoFC5__,User,11,0.999906306,1
558,magenta,NeuronByothers_Zhang_Cuffdiff2FCover20__,User,25,0.81249636,1
559,magenta,newoligoBYoFC5__,User,2,0.961806738,1
560,magenta,NewOligoByothers_Zhang_Cuffdiff2FCover20__,User,6,0.17318475,1
561,magenta,npcBYnsc_Walker_FC5___,User,29,0.937403223,1
562,magenta,nscBYnpc_Walker_FC5___,User,15,0.995047657,1
563,magenta,PGBCbyQGBC_Aulestia_FC5___,User,13,0.999983628,1
564,magenta,PGBObyQGBO_GSE114574_Tejero_FC5___,User,95,0.008361218,1
565,magenta,PNSCbyQNSC_Ben_FC5___,User,18,0.876614942,1
566,magenta,preoligoBYoFC5__,User,0,1,1
567,magenta,PreOligoByothers_Zhang_Cuffdiff2FCover20__,User,1,0.992892792,1
568,magenta,PSVZbyQSVZ_Morizur_FC5___,User,185,0.419107658,1
569,magenta,QGBCbyPGBC_Aulestia_FC5___,User,2,0.971460558,1
570,magenta,QGBObyPGBO_GSE114574_Tejero_FC5___,User,79,0.370248071,1
571,magenta,qnpBYtap_Mukherjee_FC5___,User,58,0.87996247,1
572,magenta,QNSCbyPNSC_Ben_FC5___,User,28,0.970115246,1
573,magenta,qRG_BY_aRG_ThanTrong_up__,User,5,0.265711333,1
574,magenta,qRP_BY_aNP_ThanTrong_up__,User,5,0.988793741,1
575,magenta,QSVZbyPSVZ_Morizur_FC5___,User,72,0.161059525,1
576,magenta,tapBYqnp_Mukherjee_FC5___,User,41,0.166409274,1
577,midnightblue,aNP_BY_qRP_ThanTrong_up__,User,1,0.720734154,1
578,midnightblue,aRG_BY_qRG_ThanTrong_up__,User,2,0.682737762,1
579,midnightblue,astroBYoFC5__,User,26,0.318001508,1
580,midnightblue,AstroByothers_Zhang_Cuffdiff2FCover20__,User,10,0.507568221,1
581,midnightblue,endoBYoFC5__,User,10,0.259145963,1
582,midnightblue,EndotheByothers_Zhang_Cuffdiff2FCover20__,User,16,0.147063898,1
583,midnightblue,MacroByMicro_Zhang_Cuffdiff2FCover20__,User,7,0.11000279,1
584,midnightblue,macrophagesBYoFC5__,User,8,0.557138761,1
585,midnightblue,MicroByMacro_Zhang_Cuffdiff2FCover20__,User,6,0.89417044,1
586,midnightblue,MicroByMono_Zhang_Cuffdiff2FCover20__,User,12,0.243107402,1
587,midnightblue,microgliaBYoFC5__,User,11,0.028523954,1
588,midnightblue,MicrogliByothers_Zhang_Cuffdiff2FCover20__,User,37,0.002801502,1
589,midnightblue,MonoByMicro_Zhang_Cuffdiff2FCover20__,User,15,0.272022118,1
590,midnightblue,monocytesBYoFC5__,User,13,0.017282049,1
591,midnightblue,myeoligoBYoFC5__,User,0,1,1
592,midnightblue,MyeOligoByothers_Zhang_Cuffdiff2FCover20__,User,5,0.65217301,1
593,midnightblue,neuronBYoFC5__,User,12,0.764317185,1
594,midnightblue,NeuronByothers_Zhang_Cuffdiff2FCover20__,User,14,0.663173461,1
595,midnightblue,newoligoBYoFC5__,User,1,0.927977917,1
596,midnightblue,NewOligoByothers_Zhang_Cuffdiff2FCover20__,User,1,0.863461325,1
597,midnightblue,npcBYnsc_Walker_FC5___,User,14,0.924432302,1
598,midnightblue,nscBYnpc_Walker_FC5___,User,19,0.100588391,1
599,midnightblue,PGBCbyQGBC_Aulestia_FC5___,User,12,0.925693058,1
600,midnightblue,PGBObyQGBO_GSE114574_Tejero_FC5___,User,34,0.817106539,1
601,midnightblue,PNSCbyQNSC_Ben_FC5___,User,11,0.647076868,1
602,midnightblue,preoligoBYoFC5__,User,0,1,1
603,midnightblue,PreOligoByothers_Zhang_Cuffdiff2FCover20__,User,0,1,1
604,midnightblue,PSVZbyQSVZ_Morizur_FC5___,User,155,1.33E-10,1.34E-07
605,midnightblue,QGBCbyPGBC_Aulestia_FC5___,User,3,0.52563817,1
606,midnightblue,QGBObyPGBO_GSE114574_Tejero_FC5___,User,53,0.019244917,1
607,midnightblue,qnpBYtap_Mukherjee_FC5___,User,53,0.001510864,1
608,midnightblue,QNSCbyPNSC_Ben_FC5___,User,36,0.000539907,0.544226021
609,midnightblue,qRG_BY_aRG_ThanTrong_up__,User,1,0.840823189,1
610,midnightblue,qRP_BY_aNP_ThanTrong_up__,User,9,0.135155747,1
611,midnightblue,QSVZbyPSVZ_Morizur_FC5___,User,33,0.557631607,1
612,midnightblue,tapBYqnp_Mukherjee_FC5___,User,23,0.155447938,1
613,orange,aNP_BY_qRP_ThanTrong_up__,User,1,0.386114641,1
614,orange,aRG_BY_qRG_ThanTrong_up__,User,0,1,1
615,orange,astroBYoFC5__,User,3,0.994705637,1
616,orange,AstroByothers_Zhang_Cuffdiff2FCover20__,User,0,1,1
617,orange,endoBYoFC5__,User,1,0.952756075,1
618,orange,EndotheByothers_Zhang_Cuffdiff2FCover20__,User,0,1,1
619,orange,MacroByMicro_Zhang_Cuffdiff2FCover20__,User,0,1,1
620,orange,macrophagesBYoFC5__,User,1,0.956777215,1
621,orange,MicroByMacro_Zhang_Cuffdiff2FCover20__,User,2,0.86768206,1
622,orange,MicroByMono_Zhang_Cuffdiff2FCover20__,User,3,0.711017305,1
623,orange,microgliaBYoFC5__,User,0,1,1
624,orange,MicrogliByothers_Zhang_Cuffdiff2FCover20__,User,1,0.999877917,1
625,orange,MonoByMicro_Zhang_Cuffdiff2FCover20__,User,1,0.992539099,1
626,orange,monocytesBYoFC5__,User,0,1,1
627,orange,myeoligoBYoFC5__,User,1,0.50971095,1
628,orange,MyeOligoByothers_Zhang_Cuffdiff2FCover20__,User,1,0.884092535,1
629,orange,neuronBYoFC5__,User,0,1,1
630,orange,NeuronByothers_Zhang_Cuffdiff2FCover20__,User,0,1,1
631,orange,newoligoBYoFC5__,User,1,0.634443387,1
632,orange,NewOligoByothers_Zhang_Cuffdiff2FCover20__,User,1,0.533110397,1
633,orange,npcBYnsc_Walker_FC5___,User,3,0.981682309,1
634,orange,nscBYnpc_Walker_FC5___,User,0,1,1
635,orange,PGBCbyQGBC_Aulestia_FC5___,User,2,0.990676221,1
636,orange,PGBObyQGBO_GSE114574_Tejero_FC5___,User,7,0.993934497,1
637,orange,PNSCbyQNSC_Ben_FC5___,User,1,0.990524774,1
638,orange,preoligoBYoFC5__,User,0,1,1
639,orange,PreOligoByothers_Zhang_Cuffdiff2FCover20__,User,0,1,1
640,orange,PSVZbyQSVZ_Morizur_FC5___,User,6,1,1
641,orange,QGBCbyPGBC_Aulestia_FC5___,User,0,1,1
642,orange,QGBObyPGBO_GSE114574_Tejero_FC5___,User,9,0.972526076,1
643,orange,qnpBYtap_Mukherjee_FC5___,User,5,0.997812149,1
644,orange,QNSCbyPNSC_Ben_FC5___,User,3,0.98444226,1
645,orange,qRG_BY_aRG_ThanTrong_up__,User,0,1,1
646,orange,qRP_BY_aNP_ThanTrong_up__,User,0,1,1
647,orange,QSVZbyPSVZ_Morizur_FC5___,User,4,0.999130961,1
648,orange,tapBYqnp_Mukherjee_FC5___,User,2,0.993771741,1
649,pink,aNP_BY_qRP_ThanTrong_up__,User,3,0.436830563,1
650,pink,aRG_BY_qRG_ThanTrong_up__,User,7,0.162542434,1
651,pink,astroBYoFC5__,User,34,0.966800911,1
652,pink,AstroByothers_Zhang_Cuffdiff2FCover20__,User,12,0.963608689,1
653,pink,endoBYoFC5__,User,15,0.539463712,1
654,pink,EndotheByothers_Zhang_Cuffdiff2FCover20__,User,14,0.984854721,1
655,pink,MacroByMicro_Zhang_Cuffdiff2FCover20__,User,10,0.245663142,1
656,pink,macrophagesBYoFC5__,User,13,0.776419166,1
657,pink,MicroByMacro_Zhang_Cuffdiff2FCover20__,User,25,0.045713791,1
658,pink,MicroByMono_Zhang_Cuffdiff2FCover20__,User,27,0.027317288,1
659,pink,microgliaBYoFC5__,User,9,0.768078435,1
660,pink,MicrogliByothers_Zhang_Cuffdiff2FCover20__,User,35,0.932044253,1
661,pink,MonoByMicro_Zhang_Cuffdiff2FCover20__,User,30,0.124017486,1
662,pink,monocytesBYoFC5__,User,20,0.032863833,1
663,pink,myeoligoBYoFC5__,User,37,1.84E-29,1.86E-26
664,pink,MyeOligoByothers_Zhang_Cuffdiff2FCover20__,User,33,7.07E-09,7.13E-06
665,pink,neuronBYoFC5__,User,46,0.000403584,0.406812763
666,pink,NeuronByothers_Zhang_Cuffdiff2FCover20__,User,30,0.46725618,1
667,pink,newoligoBYoFC5__,User,24,9.31E-11,9.39E-08
668,pink,NewOligoByothers_Zhang_Cuffdiff2FCover20__,User,6,0.174673211,1
669,pink,npcBYnsc_Walker_FC5___,User,84,3.02E-12,3.04E-09
670,pink,nscBYnpc_Walker_FC5___,User,13,0.998987611,1
671,pink,PGBCbyQGBC_Aulestia_FC5___,User,41,0.086654671,1
672,pink,PGBObyQGBO_GSE114574_Tejero_FC5___,User,57,0.98933673,1
673,pink,PNSCbyQNSC_Ben_FC5___,User,38,0.001571385,1
674,pink,preoligoBYoFC5__,User,2,0.197003427,1
675,pink,PreOligoByothers_Zhang_Cuffdiff2FCover20__,User,10,0.02261362,1
676,pink,PSVZbyQSVZ_Morizur_FC5___,User,112,1,1
677,pink,QGBCbyPGBC_Aulestia_FC5___,User,10,0.04008929,1
678,pink,QGBObyPGBO_GSE114574_Tejero_FC5___,User,75,0.571396223,1
679,pink,qnpBYtap_Mukherjee_FC5___,User,64,0.654778521,1
680,pink,QNSCbyPNSC_Ben_FC5___,User,49,0.048153737,1
681,pink,qRG_BY_aRG_ThanTrong_up__,User,9,0.007651397,1
682,pink,qRP_BY_aNP_ThanTrong_up__,User,11,0.574106125,1
683,pink,QSVZbyPSVZ_Morizur_FC5___,User,100,6.49E-06,0.006538812
684,pink,tapBYqnp_Mukherjee_FC5___,User,43,0.099369145,1
685,purple,aNP_BY_qRP_ThanTrong_up__,User,2,0.618856444,1
686,purple,aRG_BY_qRG_ThanTrong_up__,User,6,0.18789381,1
687,purple,astroBYoFC5__,User,13,0.999999729,1
688,purple,AstroByothers_Zhang_Cuffdiff2FCover20__,User,6,0.99889191,1
689,purple,endoBYoFC5__,User,4,0.999071524,1
690,purple,EndotheByothers_Zhang_Cuffdiff2FCover20__,User,8,0.999258694,1
691,purple,MacroByMicro_Zhang_Cuffdiff2FCover20__,User,5,0.796772683,1
692,purple,macrophagesBYoFC5__,User,8,0.95686671,1
693,purple,MicroByMacro_Zhang_Cuffdiff2FCover20__,User,4,0.999834344,1
694,purple,MicroByMono_Zhang_Cuffdiff2FCover20__,User,6,0.998541072,1
695,purple,microgliaBYoFC5__,User,3,0.996006143,1
696,purple,MicrogliByothers_Zhang_Cuffdiff2FCover20__,User,12,0.999999835,1
697,purple,MonoByMicro_Zhang_Cuffdiff2FCover20__,User,13,0.973727119,1
698,purple,monocytesBYoFC5__,User,2,0.999839783,1
699,purple,myeoligoBYoFC5__,User,0,1,1
700,purple,MyeOligoByothers_Zhang_Cuffdiff2FCover20__,User,2,0.999076573,1
701,purple,neuronBYoFC5__,User,8,0.999950864,1
702,purple,NeuronByothers_Zhang_Cuffdiff2FCover20__,User,5,0.999999863,1
703,purple,newoligoBYoFC5__,User,2,0.930472287,1
704,purple,NewOligoByothers_Zhang_Cuffdiff2FCover20__,User,0,1,1
705,purple,npcBYnsc_Walker_FC5___,User,17,0.999025499,1
706,purple,nscBYnpc_Walker_FC5___,User,13,0.991107651,1
707,purple,PGBCbyQGBC_Aulestia_FC5___,User,24,0.819391749,1
708,purple,PGBObyQGBO_GSE114574_Tejero_FC5___,User,37,0.999952776,1
709,purple,PNSCbyQNSC_Ben_FC5___,User,20,0.494057271,1
710,purple,preoligoBYoFC5__,User,2,0.154824413,1
711,purple,PreOligoByothers_Zhang_Cuffdiff2FCover20__,User,2,0.922911844,1
712,purple,PSVZbyQSVZ_Morizur_FC5___,User,75,1,1
713,purple,QGBCbyPGBC_Aulestia_FC5___,User,2,0.94547559,1
714,purple,QGBObyPGBO_GSE114574_Tejero_FC5___,User,28,0.999999982,1
715,purple,qnpBYtap_Mukherjee_FC5___,User,17,1,1
716,purple,QNSCbyPNSC_Ben_FC5___,User,14,0.999957474,1
717,purple,qRG_BY_aRG_ThanTrong_up__,User,2,0.804752881,1
718,purple,qRP_BY_aNP_ThanTrong_up__,User,3,0.996868825,1
719,purple,QSVZbyPSVZ_Morizur_FC5___,User,18,1,1
720,purple,tapBYqnp_Mukherjee_FC5___,User,13,0.999897335,1
721,red,aNP_BY_qRP_ThanTrong_up__,User,8,0.019762797,1
722,red,aRG_BY_qRG_ThanTrong_up__,User,9,0.188120316,1
723,red,astroBYoFC5__,User,36,0.999974014,1
724,red,AstroByothers_Zhang_Cuffdiff2FCover20__,User,23,0.789667654,1
725,red,endoBYoFC5__,User,13,0.983039076,1
726,red,EndotheByothers_Zhang_Cuffdiff2FCover20__,User,29,0.772071172,1
727,red,MacroByMicro_Zhang_Cuffdiff2FCover20__,User,11,0.543548259,1
728,red,macrophagesBYoFC5__,User,45,3.73E-06,0.003762165
729,red,MicroByMacro_Zhang_Cuffdiff2FCover20__,User,35,0.025097664,1
730,red,MicroByMono_Zhang_Cuffdiff2FCover20__,User,32,0.126401244,1
731,red,microgliaBYoFC5__,User,86,7.97E-42,8.03E-39
732,red,MicrogliByothers_Zhang_Cuffdiff2FCover20__,User,285,8.54E-116,8.61E-113
733,red,MonoByMicro_Zhang_Cuffdiff2FCover20__,User,43,0.070432392,1
734,red,monocytesBYoFC5__,User,36,6.99E-05,0.053004708
735,red,myeoligoBYoFC5__,User,1,0.994500734,1
736,red,MyeOligoByothers_Zhang_Cuffdiff2FCover20__,User,9,0.969698655,1
737,red,neuronBYoFC5__,User,17,0.999985203,1
738,red,NeuronByothers_Zhang_Cuffdiff2FCover20__,User,30,0.979243775,1
739,red,newoligoBYoFC5__,User,4,0.929519608,1
740,red,NewOligoByothers_Zhang_Cuffdiff2FCover20__,User,8,0.165885596,1
741,red,npcBYnsc_Walker_FC5___,User,27,0.999987143,1
742,red,nscBYnpc_Walker_FC5___,User,202,2.66E-95,2.68E-92
743,red,PGBCbyQGBC_Aulestia_FC5___,User,36,0.962647611,1
744,red,PGBObyQGBO_GSE114574_Tejero_FC5___,User,138,0.000819147,0.825699988
745,red,PNSCbyQNSC_Ben_FC5___,User,35,0.347868204,1
746,red,preoligoBYoFC5__,User,1,0.701852166,1
747,red,PreOligoByothers_Zhang_Cuffdiff2FCover20__,User,5,0.825044591,1
748,red,PSVZbyQSVZ_Morizur_FC5___,User,403,1.14E-21,1.15E-18
749,red,QGBCbyPGBC_Aulestia_FC5___,User,7,0.637425377,1
750,red,QGBObyPGBO_GSE114574_Tejero_FC5___,User,131,0.01236101,1
751,red,qnpBYtap_Mukherjee_FC5___,User,125,0.00085737,0.86422929
752,red,QNSCbyPNSC_Ben_FC5___,User,58,0.334094046,1
753,red,qRG_BY_aRG_ThanTrong_up__,User,1,0.99409378,1
754,red,qRP_BY_aNP_ThanTrong_up__,User,35,1.03E-05,0.010408029
755,red,QSVZbyPSVZ_Morizur_FC5___,User,94,0.397184724,1
756,red,tapBYqnp_Mukherjee_FC5___,User,57,0.163675433,1
757,royalblue,aNP_BY_qRP_ThanTrong_up__,User,1,0.473451737,1
758,royalblue,aRG_BY_qRG_ThanTrong_up__,User,0,1,1
759,royalblue,astroBYoFC5__,User,2,0.999929688,1
760,royalblue,AstroByothers_Zhang_Cuffdiff2FCover20__,User,0,1,1
761,royalblue,endoBYoFC5__,User,0,1,1
762,royalblue,EndotheByothers_Zhang_Cuffdiff2FCover20__,User,0,1,1
763,royalblue,MacroByMicro_Zhang_Cuffdiff2FCover20__,User,0,1,1
764,royalblue,macrophagesBYoFC5__,User,0,1,1
765,royalblue,MicroByMacro_Zhang_Cuffdiff2FCover20__,User,2,0.945900066,1
766,royalblue,MicroByMono_Zhang_Cuffdiff2FCover20__,User,1,0.992335137,1
767,royalblue,microgliaBYoFC5__,User,2,0.785241755,1
768,royalblue,MicrogliByothers_Zhang_Cuffdiff2FCover20__,User,2,0.999905546,1
769,royalblue,MonoByMicro_Zhang_Cuffdiff2FCover20__,User,2,0.987927432,1
770,royalblue,monocytesBYoFC5__,User,0,1,1
771,royalblue,myeoligoBYoFC5__,User,0,1,1
772,royalblue,MyeOligoByothers_Zhang_Cuffdiff2FCover20__,User,1,0.941148685,1
773,royalblue,neuronBYoFC5__,User,2,0.994450074,1
774,royalblue,NeuronByothers_Zhang_Cuffdiff2FCover20__,User,1,0.999612843,1
775,royalblue,newoligoBYoFC5__,User,1,0.733622449,1
776,royalblue,NewOligoByothers_Zhang_Cuffdiff2FCover20__,User,0,1,1
777,royalblue,npcBYnsc_Walker_FC5___,User,4,0.989798402,1
778,royalblue,nscBYnpc_Walker_FC5___,User,1,0.999181011,1
779,royalblue,PGBCbyQGBC_Aulestia_FC5___,User,5,0.936833792,1
780,royalblue,PGBObyQGBO_GSE114574_Tejero_FC5___,User,10,0.995375359,1
781,royalblue,PNSCbyQNSC_Ben_FC5___,User,0,1,1
782,royalblue,preoligoBYoFC5__,User,0,1,1
783,royalblue,PreOligoByothers_Zhang_Cuffdiff2FCover20__,User,1,0.723135483,1
784,royalblue,PSVZbyQSVZ_Morizur_FC5___,User,17,0.999999992,1
785,royalblue,QGBCbyPGBC_Aulestia_FC5___,User,1,0.756578014,1
786,royalblue,QGBObyPGBO_GSE114574_Tejero_FC5___,User,7,0.999842338,1
787,royalblue,qnpBYtap_Mukherjee_FC5___,User,3,0.999997644,1
788,royalblue,QNSCbyPNSC_Ben_FC5___,User,5,0.975472542,1
789,royalblue,qRG_BY_aRG_ThanTrong_up__,User,0,1,1
790,royalblue,qRP_BY_aNP_ThanTrong_up__,User,2,0.799262803,1
791,royalblue,QSVZbyPSVZ_Morizur_FC5___,User,3,0.999995572,1
792,royalblue,tapBYqnp_Mukherjee_FC5___,User,2,0.999173213,1
793,salmon,aNP_BY_qRP_ThanTrong_up__,User,0,1,1
794,salmon,aRG_BY_qRG_ThanTrong_up__,User,2,0.786877259,1
795,salmon,astroBYoFC5__,User,9,0.999997094,1
796,salmon,AstroByothers_Zhang_Cuffdiff2FCover20__,User,9,0.847057664,1
797,salmon,endoBYoFC5__,User,3,0.996712219,1
798,salmon,EndotheByothers_Zhang_Cuffdiff2FCover20__,User,2,0.999995335,1
799,salmon,MacroByMicro_Zhang_Cuffdiff2FCover20__,User,1,0.993548018,1
800,salmon,macrophagesBYoFC5__,User,1,0.999959839,1
801,salmon,MicroByMacro_Zhang_Cuffdiff2FCover20__,User,4,0.996251327,1
802,salmon,MicroByMono_Zhang_Cuffdiff2FCover20__,User,8,0.899977023,1
803,salmon,microgliaBYoFC5__,User,0,1,1
804,salmon,MicrogliByothers_Zhang_Cuffdiff2FCover20__,User,2,1,1
805,salmon,MonoByMicro_Zhang_Cuffdiff2FCover20__,User,6,0.99822507,1
806,salmon,monocytesBYoFC5__,User,3,0.989373683,1
807,salmon,myeoligoBYoFC5__,User,0,1,1
808,salmon,MyeOligoByothers_Zhang_Cuffdiff2FCover20__,User,0,1,1
809,salmon,neuronBYoFC5__,User,10,0.982047247,1
810,salmon,NeuronByothers_Zhang_Cuffdiff2FCover20__,User,16,0.773054072,1
811,salmon,newoligoBYoFC5__,User,2,0.831962888,1
812,salmon,NewOligoByothers_Zhang_Cuffdiff2FCover20__,User,1,0.914067357,1
813,salmon,npcBYnsc_Walker_FC5___,User,21,0.761357915,1
814,salmon,nscBYnpc_Walker_FC5___,User,2,0.999999487,1
815,salmon,PGBCbyQGBC_Aulestia_FC5___,User,21,0.536860682,1
816,salmon,PGBObyQGBO_GSE114574_Tejero_FC5___,User,21,0.999998045,1
817,salmon,PNSCbyQNSC_Ben_FC5___,User,6,0.996967328,1
818,salmon,preoligoBYoFC5__,User,0,1,1
819,salmon,PreOligoByothers_Zhang_Cuffdiff2FCover20__,User,3,0.601390516,1
820,salmon,PSVZbyQSVZ_Morizur_FC5___,User,27,1,1
821,salmon,QGBCbyPGBC_Aulestia_FC5___,User,4,0.443533669,1
822,salmon,QGBObyPGBO_GSE114574_Tejero_FC5___,User,19,0.999999859,1
823,salmon,qnpBYtap_Mukherjee_FC5___,User,10,1,1
824,salmon,QNSCbyPNSC_Ben_FC5___,User,12,0.998619324,1
825,salmon,qRG_BY_aRG_ThanTrong_up__,User,2,0.656902096,1
826,salmon,qRP_BY_aNP_ThanTrong_up__,User,1,0.999361439,1
827,salmon,QSVZbyPSVZ_Morizur_FC5___,User,15,0.999999594,1
828,salmon,tapBYqnp_Mukherjee_FC5___,User,11,0.997881139,1
829,skyblue,aNP_BY_qRP_ThanTrong_up__,User,0,1,1
830,skyblue,aRG_BY_qRG_ThanTrong_up__,User,0,1,1
831,skyblue,astroBYoFC5__,User,2,0.928290386,1
832,skyblue,AstroByothers_Zhang_Cuffdiff2FCover20__,User,0,1,1
833,skyblue,endoBYoFC5__,User,0,1,1
834,skyblue,EndotheByothers_Zhang_Cuffdiff2FCover20__,User,0,1,1
835,skyblue,MacroByMicro_Zhang_Cuffdiff2FCover20__,User,0,1,1
836,skyblue,macrophagesBYoFC5__,User,0,1,1
837,skyblue,MicroByMacro_Zhang_Cuffdiff2FCover20__,User,0,1,1
838,skyblue,MicroByMono_Zhang_Cuffdiff2FCover20__,User,1,0.823152125,1
839,skyblue,microgliaBYoFC5__,User,1,0.644817912,1
840,skyblue,MicrogliByothers_Zhang_Cuffdiff2FCover20__,User,3,0.785436884,1
841,skyblue,MonoByMicro_Zhang_Cuffdiff2FCover20__,User,3,0.394240532,1
842,skyblue,monocytesBYoFC5__,User,1,0.703227498,1
843,skyblue,myeoligoBYoFC5__,User,0,1,1
844,skyblue,MyeOligoByothers_Zhang_Cuffdiff2FCover20__,User,0,1,1
845,skyblue,neuronBYoFC5__,User,0,1,1
846,skyblue,NeuronByothers_Zhang_Cuffdiff2FCover20__,User,0,1,1
847,skyblue,newoligoBYoFC5__,User,0,1,1
848,skyblue,NewOligoByothers_Zhang_Cuffdiff2FCover20__,User,0,1,1
849,skyblue,npcBYnsc_Walker_FC5___,User,2,0.871202215,1
850,skyblue,nscBYnpc_Walker_FC5___,User,1,0.920165684,1
851,skyblue,PGBCbyQGBC_Aulestia_FC5___,User,1,0.957173103,1
852,skyblue,PGBObyQGBO_GSE114574_Tejero_FC5___,User,1,0.999320233,1
853,skyblue,PNSCbyQNSC_Ben_FC5___,User,0,1,1
854,skyblue,preoligoBYoFC5__,User,0,1,1
855,skyblue,PreOligoByothers_Zhang_Cuffdiff2FCover20__,User,0,1,1
856,skyblue,PSVZbyQSVZ_Morizur_FC5___,User,1,0.999999993,1
857,skyblue,QGBCbyPGBC_Aulestia_FC5___,User,0,1,1
858,skyblue,QGBObyPGBO_GSE114574_Tejero_FC5___,User,4,0.933717361,1
859,skyblue,qnpBYtap_Mukherjee_FC5___,User,0,1,1
860,skyblue,QNSCbyPNSC_Ben_FC5___,User,1,0.974962045,1
861,skyblue,qRG_BY_aRG_ThanTrong_up__,User,0,1,1
862,skyblue,qRP_BY_aNP_ThanTrong_up__,User,0,1,1
863,skyblue,QSVZbyPSVZ_Morizur_FC5___,User,0,1,1
864,skyblue,tapBYqnp_Mukherjee_FC5___,User,1,0.96550192,1
865,tan,aNP_BY_qRP_ThanTrong_up__,User,5,0.030576999,1
866,tan,aRG_BY_qRG_ThanTrong_up__,User,3,0.639753222,1
867,tan,astroBYoFC5__,User,54,0.000226518,0.228329857
868,tan,AstroByothers_Zhang_Cuffdiff2FCover20__,User,20,0.055520909,1
869,tan,endoBYoFC5__,User,40,1.50E-12,1.51E-09
870,tan,EndotheByothers_Zhang_Cuffdiff2FCover20__,User,41,1.34E-07,0.000135183
871,tan,MacroByMicro_Zhang_Cuffdiff2FCover20__,User,21,2.18E-07,0.000219639
872,tan,macrophagesBYoFC5__,User,34,1.11E-08,1.12E-05
873,tan,MicroByMacro_Zhang_Cuffdiff2FCover20__,User,33,6.26E-07,0.0006313
874,tan,MicroByMono_Zhang_Cuffdiff2FCover20__,User,29,7.54E-05,0.075993574
875,tan,microgliaBYoFC5__,User,18,0.001114745,1
876,tan,MicrogliByothers_Zhang_Cuffdiff2FCover20__,User,47,0.00527552,1
877,tan,MonoByMicro_Zhang_Cuffdiff2FCover20__,User,43,6.20E-08,6.25E-05
878,tan,monocytesBYoFC5__,User,17,0.012953789,1
879,tan,myeoligoBYoFC5__,User,4,0.254992931,1
880,tan,MyeOligoByothers_Zhang_Cuffdiff2FCover20__,User,13,0.047947422,1
881,tan,neuronBYoFC5__,User,19,0.612320632,1
882,tan,NeuronByothers_Zhang_Cuffdiff2FCover20__,User,19,0.725863889,1
883,tan,newoligoBYoFC5__,User,5,0.296296049,1
884,tan,NewOligoByothers_Zhang_Cuffdiff2FCover20__,User,2,0.765039496,1
885,tan,npcBYnsc_Walker_FC5___,User,66,3.12E-11,3.14E-08
886,tan,nscBYnpc_Walker_FC5___,User,40,1.22E-05,0.012276018
887,tan,PGBCbyQGBC_Aulestia_FC5___,User,69,2.85E-15,2.87E-12
888,tan,PGBObyQGBO_GSE114574_Tejero_FC5___,User,57,0.373688864,1
889,tan,PNSCbyQNSC_Ben_FC5___,User,21,0.163845224,1
890,tan,preoligoBYoFC5__,User,0,1,1
891,tan,PreOligoByothers_Zhang_Cuffdiff2FCover20__,User,11,0.00078143,0.787681787
892,tan,PSVZbyQSVZ_Morizur_FC5___,User,125,0.793136015,1
893,tan,QGBCbyPGBC_Aulestia_FC5___,User,5,0.344895642,1
894,tan,QGBObyPGBO_GSE114574_Tejero_FC5___,User,85,5.41E-05,0.054499523
895,tan,qnpBYtap_Mukherjee_FC5___,User,85,3.40E-07,0.000343154
896,tan,QNSCbyPNSC_Ben_FC5___,User,82,1.92E-18,1.94E-15
897,tan,qRG_BY_aRG_ThanTrong_up__,User,0,1,1
898,tan,qRP_BY_aNP_ThanTrong_up__,User,20,0.000231074,0.232922597
899,tan,QSVZbyPSVZ_Morizur_FC5___,User,60,0.028359039,1
900,tan,tapBYqnp_Mukherjee_FC5___,User,14,0.996164122,1
901,turquoise,aNP_BY_qRP_ThanTrong_up__,User,4,0.934021881,1
902,turquoise,aRG_BY_qRG_ThanTrong_up__,User,12,0.668094728,1
903,turquoise,astroBYoFC5__,User,91,0.999971803,1
904,turquoise,AstroByothers_Zhang_Cuffdiff2FCover20__,User,38,0.994844674,1
905,turquoise,endoBYoFC5__,User,10,1,1
906,turquoise,EndotheByothers_Zhang_Cuffdiff2FCover20__,User,36,0.999996311,1
907,turquoise,MacroByMicro_Zhang_Cuffdiff2FCover20__,User,7,0.999984633,1
908,turquoise,macrophagesBYoFC5__,User,43,0.645476088,1
909,turquoise,MicroByMacro_Zhang_Cuffdiff2FCover20__,User,15,1,1
910,turquoise,MicroByMono_Zhang_Cuffdiff2FCover20__,User,23,0.999999745,1
911,turquoise,microgliaBYoFC5__,User,19,0.996527997,1
912,turquoise,MicrogliByothers_Zhang_Cuffdiff2FCover20__,User,110,0.959368652,1
913,turquoise,MonoByMicro_Zhang_Cuffdiff2FCover20__,User,30,0.999999997,1
914,turquoise,monocytesBYoFC5__,User,19,0.999842772,1
915,turquoise,myeoligoBYoFC5__,User,3,0.998681864,1
916,turquoise,MyeOligoByothers_Zhang_Cuffdiff2FCover20__,User,32,0.442212088,1
917,turquoise,neuronBYoFC5__,User,35,0.999999999,1
918,turquoise,NeuronByothers_Zhang_Cuffdiff2FCover20__,User,64,0.995623337,1
919,turquoise,newoligoBYoFC5__,User,8,0.982526356,1
920,turquoise,NewOligoByothers_Zhang_Cuffdiff2FCover20__,User,19,0.010225582,1
921,turquoise,npcBYnsc_Walker_FC5___,User,44,1,1
922,turquoise,nscBYnpc_Walker_FC5___,User,25,1,1
923,turquoise,PGBCbyQGBC_Aulestia_FC5___,User,33,1,1
924,turquoise,PGBObyQGBO_GSE114574_Tejero_FC5___,User,282,1.09E-06,0.001102847
925,turquoise,PNSCbyQNSC_Ben_FC5___,User,54,0.960418618,1
926,turquoise,preoligoBYoFC5__,User,0,1,1
927,turquoise,PreOligoByothers_Zhang_Cuffdiff2FCover20__,User,14,0.547516658,1
928,turquoise,PSVZbyQSVZ_Morizur_FC5___,User,1003,4.81E-112,4.85E-109
929,turquoise,QGBCbyPGBC_Aulestia_FC5___,User,8,0.990663397,1
930,turquoise,QGBObyPGBO_GSE114574_Tejero_FC5___,User,276,3.53E-05,0.035567833
931,turquoise,qnpBYtap_Mukherjee_FC5___,User,273,9.04E-10,9.11E-07
932,turquoise,QNSCbyPNSC_Ben_FC5___,User,57,1,1
933,turquoise,qRG_BY_aRG_ThanTrong_up__,User,2,0.999764828,1
934,turquoise,qRP_BY_aNP_ThanTrong_up__,User,20,0.995957559,1
935,turquoise,QSVZbyPSVZ_Morizur_FC5___,User,161,0.984076143,1
936,turquoise,tapBYqnp_Mukherjee_FC5___,User,117,0.059927984,1
937,white,aNP_BY_qRP_ThanTrong_up__,User,1,0.332912619,1
938,white,aRG_BY_qRG_ThanTrong_up__,User,1,0.529376942,1
939,white,astroBYoFC5__,User,10,0.218312785,1
940,white,AstroByothers_Zhang_Cuffdiff2FCover20__,User,3,0.603847329,1
941,white,endoBYoFC5__,User,1,0.920539351,1
942,white,EndotheByothers_Zhang_Cuffdiff2FCover20__,User,3,0.739525576,1
943,white,MacroByMicro_Zhang_Cuffdiff2FCover20__,User,0,1,1
944,white,macrophagesBYoFC5__,User,2,0.731682377,1
945,white,MicroByMacro_Zhang_Cuffdiff2FCover20__,User,2,0.790282348,1
946,white,MicroByMono_Zhang_Cuffdiff2FCover20__,User,1,0.95378264,1
947,white,microgliaBYoFC5__,User,0,1,1
948,white,MicrogliByothers_Zhang_Cuffdiff2FCover20__,User,3,0.978578179,1
949,white,MonoByMicro_Zhang_Cuffdiff2FCover20__,User,4,0.570140462,1
950,white,monocytesBYoFC5__,User,2,0.632031274,1
951,white,myeoligoBYoFC5__,User,0,1,1
952,white,MyeOligoByothers_Zhang_Cuffdiff2FCover20__,User,0,1,1
953,white,neuronBYoFC5__,User,22,1.18E-09,1.19E-06
954,white,NeuronByothers_Zhang_Cuffdiff2FCover20__,User,13,0.00129544,1
955,white,newoligoBYoFC5__,User,0,1,1
956,white,NewOligoByothers_Zhang_Cuffdiff2FCover20__,User,0,1,1
957,white,npcBYnsc_Walker_FC5___,User,5,0.750962857,1
958,white,nscBYnpc_Walker_FC5___,User,3,0.821107421,1
959,white,PGBCbyQGBC_Aulestia_FC5___,User,12,0.009373416,1
960,white,PGBObyQGBO_GSE114574_Tejero_FC5___,User,12,0.595369656,1
961,white,PNSCbyQNSC_Ben_FC5___,User,9,0.014797952,1
962,white,preoligoBYoFC5__,User,0,1,1
963,white,PreOligoByothers_Zhang_Cuffdiff2FCover20__,User,0,1,1
964,white,PSVZbyQSVZ_Morizur_FC5___,User,26,0.838402472,1
965,white,QGBCbyPGBC_Aulestia_FC5___,User,1,0.590083294,1
966,white,QGBObyPGBO_GSE114574_Tejero_FC5___,User,11,0.731017942,1
967,white,qnpBYtap_Mukherjee_FC5___,User,9,0.788210576,1
968,white,QNSCbyPNSC_Ben_FC5___,User,3,0.956962257,1
969,white,qRG_BY_aRG_ThanTrong_up__,User,4,0.00273744,1
970,white,qRP_BY_aNP_ThanTrong_up__,User,0,1,1
971,white,QSVZbyPSVZ_Morizur_FC5___,User,3,0.998792569,1
972,white,tapBYqnp_Mukherjee_FC5___,User,9,0.134035255,1
973,yellow,aNP_BY_qRP_ThanTrong_up__,User,7,0.06659242,1
974,yellow,aRG_BY_qRG_ThanTrong_up__,User,5,0.810649133,1
975,yellow,astroBYoFC5__,User,74,0.205360328,1
976,yellow,AstroByothers_Zhang_Cuffdiff2FCover20__,User,28,0.51946977,1
977,yellow,endoBYoFC5__,User,14,0.981671795,1
978,yellow,EndotheByothers_Zhang_Cuffdiff2FCover20__,User,20,0.997747277,1
979,yellow,MacroByMicro_Zhang_Cuffdiff2FCover20__,User,11,0.612016893,1
980,yellow,macrophagesBYoFC5__,User,20,0.780841616,1
981,yellow,MicroByMacro_Zhang_Cuffdiff2FCover20__,User,19,0.945298436,1
982,yellow,MicroByMono_Zhang_Cuffdiff2FCover20__,User,18,0.979722101,1
983,yellow,microgliaBYoFC5__,User,5,0.999793856,1
984,yellow,MicrogliByothers_Zhang_Cuffdiff2FCover20__,User,25,0.999999999,1
985,yellow,MonoByMicro_Zhang_Cuffdiff2FCover20__,User,35,0.588234712,1
986,yellow,monocytesBYoFC5__,User,15,0.868335834,1
987,yellow,myeoligoBYoFC5__,User,0,1,1
988,yellow,MyeOligoByothers_Zhang_Cuffdiff2FCover20__,User,6,0.998931244,1
989,yellow,neuronBYoFC5__,User,83,4.46E-10,4.50E-07
990,yellow,NeuronByothers_Zhang_Cuffdiff2FCover20__,User,72,2.00E-05,0.020139513
991,yellow,newoligoBYoFC5__,User,9,0.326705291,1
992,yellow,NewOligoByothers_Zhang_Cuffdiff2FCover20__,User,8,0.200409853,1
993,yellow,npcBYnsc_Walker_FC5___,User,87,2.56E-05,0.025807699
994,yellow,nscBYnpc_Walker_FC5___,User,23,0.998887941,1
995,yellow,PGBCbyQGBC_Aulestia_FC5___,User,57,0.136891068,1
996,yellow,PGBObyQGBO_GSE114574_Tejero_FC5___,User,105,0.765631438,1
997,yellow,PNSCbyQNSC_Ben_FC5___,User,44,0.050911335,1
998,yellow,preoligoBYoFC5__,User,2,0.350504081,1
999,yellow,PreOligoByothers_Zhang_Cuffdiff2FCover20__,User,4,0.936600527,1
1000,yellow,PSVZbyQSVZ_Morizur_FC5___,User,183,1,1
1001,yellow,QGBCbyPGBC_Aulestia_FC5___,User,16,0.005569334,1
1002,yellow,QGBObyPGBO_GSE114574_Tejero_FC5___,User,103,0.874567872,1
1003,yellow,qnpBYtap_Mukherjee_FC5___,User,72,0.999202606,1
1004,yellow,QNSCbyPNSC_Ben_FC5___,User,57,0.54433654,1
1005,yellow,qRG_BY_aRG_ThanTrong_up__,User,7,0.262879408,1
1006,yellow,qRP_BY_aNP_ThanTrong_up__,User,7,0.998317938,1
1007,yellow,QSVZbyPSVZ_Morizur_FC5___,User,105,0.176381822,1
1008,yellow,tapBYqnp_Mukherjee_FC5___,User,77,0.000467602,0.471342627
